id,name,created time,private/public,post count,Verified status
1,Kenton_Kirlin,16-02-2017 18:22,yes,11,no
2,Andre_Purdy85,02-04-2017 17:11,no,7,no
3,Harley_Lind18,21-02-2017 11:12,no,2,no
4,Arely_Bogan63,13-08-2016 01:28,yes,1,no
5,Aniya_Hackett,07-12-2016 01:04,yes,3,no
6,Travon.Waters,30-04-2017 13:26,no,14,no
7,Kasandra_Homenick,12-12-2016 06:50,no,244,no
8,Tabitha_Schamberger11,20-08-2016 02:19,yes,12,no
9,Gus93,24-06-2016 19:36,yes,45,no
10,Presley_McClure,07-08-2016 16:25,no,370,no
11,Justina.Gaylord27,04-05-2017 16:32,no,1293,no
12,Dereck65,19-01-2017 01:34,yes,11,no
13,Alexandro35,29-03-2017 17:09,yes,7,no
14,Jaclyn81,06-02-2017 23:29,no,2,no
15,Billy52,05-10-2016 14:10,no,1,no
16,Annalise.McKenzie16,02-08-2016 21:32,yes,3,no
17,Norbert_Carroll35,06-02-2017 22:05,yes,14,yes
18,Odessa2,21-10-2016 18:16,no,244,no
19,Hailee26,29-04-2017 18:53,no,12,no
20,Delpha.Kihn,31-08-2016 02:42,yes,45,no
21,Rocio33,23-01-2017 11:51,yes,370,no
22,Kenneth64,27-12-2016 09:48,no,1293,no
23,Eveline95,23-01-2017 23:14,no,2400,no
24,Maxwell.Halvorson,18-04-2017 02:32,yes,12,no
25,Tierra.Trantow,03-10-2016 12:49,yes,59,no
26,Josianne.Friesen,07-06-2016 12:47,no,56,no
27,Darwin29,18-03-2017 03:10,no,78,yes
28,Dario77,18-08-2016 07:15,yes,2,yes
29,Jaime53,11-09-2016 18:51,yes,1,no
30,Kaley9,23-09-2016 21:24,no,0,no
31,Aiyana_Hoeger,29-09-2016 20:28,no,12,no
32,Irwin.Larson,26-08-2016 19:36,yes,45,no
33,Yvette.Gottlieb91,14-11-2016 12:32,yes,370,no
34,Pearl7,08-07-2016 21:42,no,1293,no
35,Lennie_Hartmann40,30-03-2017 03:25,no,2400,no
36,Ollie_Ledner37,04-08-2016 15:42,yes,12,no
37,Yazmin_Mills95,27-07-2016 00:56,yes,59,no
38,Jordyn.Jacobson2,14-05-2016 07:56,no,56,no
39,Kelsi26,08-06-2016 17:48,no,78,no
40,Rafael.Hickle2,19-05-2016 09:51,yes,2,no
41,Mckenna17,17-07-2016 17:25,yes,1,no
42,Maya.Farrell,11-12-2016 18:04,no,0,no
43,Janet.Armstrong,06-10-2016 07:57,no,11,yes
44,Seth46,07-07-2016 11:40,yes,7,no
45,David.Osinski47,05-02-2017 21:23,yes,2,no
46,Malinda_Streich,09-07-2016 21:37,no,1,no
47,Harrison.Beatty50,02-09-2016 03:48,no,3,no
48,Granville_Kutch,26-06-2016 03:10,yes,14,no
49,Morgan.Kassulke,30-10-2016 12:42,yes,244,no
50,Gerard79,23-08-2016 19:47,no,12,no
51,Mariano_Koch3,17-04-2017 14:14,no,45,no
52,Zack_Kemmer93,01-01-2017 05:58,yes,370,no
53,Linnea59,07-02-2017 07:49,yes,1293,no
54,Duane60,21-12-2016 04:43,no,11,no
55,Meggie_Doyle,04-04-2017 12:17,no,7,no
56,Peter.Stehr0,22-08-2016 18:05,yes,2,no
57,Julien_Schmidt,02-02-2017 23:12,yes,1,no
58,Aurelie71,31-05-2016 06:20,no,3,no
59,Cesar93,18-10-2016 16:42,no,14,no
60,Sam52,30-03-2017 22:03,yes,244,no
61,Jayson65,14-10-2016 19:10,yes,12,no
62,Ressie_Stanton46,20-12-2016 15:09,no,45,no
63,Elenor88,08-05-2016 01:30,no,370,no
64,Florence99,06-10-2016 23:08,yes,1293,yes
65,Adelle96,01-10-2016 00:37,yes,2400,no
66,Mike.Auer39,01-07-2016 17:36,no,12,no
67,Emilio_Bernier52,06-05-2016 13:04,no,59,no
68,Franco_Keebler64,13-11-2016 20:09,yes,56,no
69,Karley_Bosco,24-06-2016 23:38,yes,78,no
70,Erick5,05-04-2017 23:44,no,2,no
71,Nia_Haag,14-05-2016 15:38,no,1,no
72,Kathryn80,11-10-2016 09:01,yes,12,no
73,Jaylan.Lakin,10-06-2016 23:58,yes,3,no
74,Hulda.Macejkovic,25-01-2017 17:17,no,1,no
75,Leslie67,21-09-2016 05:14,no,3,no
76,Janelle.Nikolaus81,21-07-2016 09:26,yes,79,no
77,Donald.Fritsch,07-01-2017 10:05,yes,2,no
78,Colten.Harris76,10-10-2016 02:38,no,1,no
79,Katarina.Dibbert,03-11-2016 13:14,no,0,no
80,Darby_Herzog,06-05-2016 00:14,yes,2400,no
81,Esther.Zulauf61,14-01-2017 17:02,yes,12,no
82,Aracely.Johnston98,25-07-2016 18:49,no,59,no
83,Bartholome.Bernhard,06-11-2016 02:31,no,56,no
84,Alysa22,01-01-2017 17:44,yes,78,no
85,Milford_Gleichner42,30-04-2017 07:50,yes,2,no
86,Delfina_VonRueden68,21-03-2017 12:02,no,1,no
87,Rick29,24-02-2017 11:25,no,12,no
88,Clint27,02-06-2016 21:40,yes,3,yes
89,Jessyca_West,14-09-2016 23:47,yes,1,no
90,Esmeralda.Mraz57,03-03-2017 11:52,no,3,no
91,Bethany20,03-06-2016 23:31,no,79,no
92,Frederik_Rice,06-07-2016 21:56,yes,2,no
93,Willie_Leuschke,15-02-2017 01:40,yes,1,no
94,Damon35,31-10-2016 14:44,no,0,yes
95,Nicole71,09-05-2016 17:30,no,9,no
96,Keenan.Schamberger60,28-08-2016 14:57,yes,687,no
97,Tomas.Beatty93,11-02-2017 11:38,yes,92,no
98,Imani_Nicolas17,31-01-2017 22:59,no,123,no
99,Alek_Watsica,10-12-2016 07:43,no,232,no
100,Javonte83,27-03-2017 22:06,yes,32,yes
